{"cameraMode":{"drawMode":0,"name":"Shaded","section":"Shading Mode"},"sceneLighting":false,"audioPlay":false,"sceneViewState":{"showFog":true,"showMaterialUpdate":false,"showSkybox":false,"showFlares":true,"showImageEffects":true,"showParticleSystems":true},"in2DMode":false,"pivot":{"x":-2.097580671310425,"y":-5.120513916015625,"z":6.607606887817383},"rotation":{"x":0.2855848968029022,"y":0.034487273544073108,"z":-0.0102836349979043,"w":0.9576813578605652},"size":6.179573059082031,"orthographic":false}