{"cameraMode":{"drawMode":0,"name":"Shaded","section":"Shading Mode"},"sceneLighting":false,"audioPlay":false,"sceneViewState":{"showFog":true,"showMaterialUpdate":false,"showSkybox":false,"showFlares":true,"showImageEffects":true,"showParticleSystems":true},"in2DMode":false,"pivot":{"x":7.068999767303467,"y":2.114000082015991,"z":0.48399999737739565},"rotation":{"x":0.08984537422657013,"y":0.08653216063976288,"z":-0.007834872230887413,"w":0.99216228723526},"size":0.17147338390350343,"orthographic":false}