{"cameraMode":{"drawMode":0,"name":"Shaded","section":"Shading Mode"},"sceneLighting":false,"audioPlay":false,"sceneViewState":{"showFog":true,"showMaterialUpdate":false,"showSkybox":false,"showFlares":true,"showImageEffects":true,"showParticleSystems":true},"in2DMode":false,"pivot":{"x":6.220205783843994,"y":-0.08599071204662323,"z":-0.00368577241897583},"rotation":{"x":0.04470972344279289,"y":0.9088338017463684,"z":0.10101202130317688,"w":-0.402267724275589},"size":1.5685269832611085,"orthographic":false}