{"cameraMode":{"drawMode":0,"name":"Shaded","section":"Shading Mode"},"sceneLighting":false,"audioPlay":false,"sceneViewState":{"showFog":true,"showMaterialUpdate":false,"showSkybox":false,"showFlares":true,"showImageEffects":true,"showParticleSystems":true},"in2DMode":false,"pivot":{"x":-0.00015157461166381836,"y":-0.0000806022435426712,"z":0.000022977590560913086},"rotation":{"x":0.2855848968029022,"y":0.034487273544073108,"z":-0.0102836349979043,"w":0.9576813578605652},"size":0.5434149503707886,"orthographic":false}