{"cameraMode":{"drawMode":0,"name":"Shaded","section":"Shading Mode"},"sceneLighting":true,"audioPlay":false,"sceneViewState":{"showFog":true,"showMaterialUpdate":false,"showSkybox":true,"showFlares":true,"showImageEffects":true,"showParticleSystems":true},"in2DMode":false,"pivot":{"x":0.11113616079092026,"y":0.2665288746356964,"z":0.41981491446495058},"rotation":{"x":0.41595640778541567,"y":0.005459749139845371,"z":-0.002492067404091358,"w":0.9093711376190186},"size":1.5333211421966553,"orthographic":true}