{"cameraMode":{"drawMode":0,"name":"Shaded","section":"Shading Mode"},"sceneLighting":true,"audioPlay":false,"sceneViewState":{"showFog":true,"showMaterialUpdate":false,"showSkybox":false,"showFlares":true,"showImageEffects":true,"showParticleSystems":true},"in2DMode":false,"pivot":{"x":218.3814239501953,"y":1.091675877571106,"z":-10.640932083129883},"rotation":{"x":0.0319083072245121,"y":0.5130062699317932,"z":0.019087741151452066,"w":-0.85757976770401},"size":1.454406976699829,"orthographic":false}