{"cameraMode":{"drawMode":0,"name":"Shaded","section":"Shading Mode"},"sceneLighting":false,"audioPlay":false,"sceneViewState":{"showFog":true,"showMaterialUpdate":false,"showSkybox":false,"showFlares":true,"showImageEffects":true,"showParticleSystems":true},"in2DMode":false,"pivot":{"x":6.049888610839844,"y":0.10793134570121765,"z":-0.00022625550627708435},"rotation":{"x":0.04470972344279289,"y":0.9088338017463684,"z":0.10101202130317688,"w":-0.402267724275589},"size":1.74422287940979,"orthographic":false}