{"cameraMode":{"drawMode":0,"name":"Shaded","section":"Shading Mode"},"sceneLighting":false,"audioPlay":false,"sceneViewState":{"showFog":true,"showMaterialUpdate":false,"showSkybox":false,"showFlares":true,"showImageEffects":true,"showParticleSystems":true},"in2DMode":false,"pivot":{"x":-1.5100222826004029,"y":-9.33177375793457,"z":15.039955139160157},"rotation":{"x":0.312934011220932,"y":-0.05835145711898804,"z":0.019276177510619165,"w":0.9478088021278381},"size":0.34884536266326907,"orthographic":false}