{"cameraMode":{"drawMode":0,"name":"Shaded","section":"Shading Mode"},"sceneLighting":true,"audioPlay":false,"sceneViewState":{"showFog":true,"showMaterialUpdate":false,"showSkybox":false,"showFlares":true,"showImageEffects":true,"showParticleSystems":true},"in2DMode":false,"pivot":{"x":218.61619567871095,"y":0.9422496557235718,"z":-10.758684158325196},"rotation":{"x":0.6048385500907898,"y":0.07967491447925568,"z":-0.06098334863781929,"w":0.7900381088256836},"size":0.29456213116645815,"orthographic":false}