{"cameraMode":{"drawMode":0,"name":"Shaded","section":"Shading Mode"},"sceneLighting":false,"audioPlay":false,"sceneViewState":{"showFog":true,"showMaterialUpdate":false,"showSkybox":false,"showFlares":true,"showImageEffects":true,"showParticleSystems":true},"in2DMode":false,"pivot":{"x":7.068999767303467,"y":2.114000082015991,"z":0.48399999737739565},"rotation":{"x":0.6048385500907898,"y":0.07967491447925568,"z":-0.06098334863781929,"w":0.7900381088256836},"size":0.20005173981189729,"orthographic":false}